<configuration name="acl.conf" description="Network Lists">
  <network-lists>
    <!-- 
	 These ACL's are automatically created on startup.

	 rfc1918.auto  - RFC1918 Space
	 nat.auto      - RFC1918 Excluding your local lan.
	 localnet.auto - ACL for your local lan.
	 loopback.auto - ACL for your local lan.
    -->

    <list name="lan" default="allow">
      <node type="deny" cidr="192.168.42.0/24"/>
      <node type="allow" cidr="192.168.42.42/32"/>
      <node type="allow" cidr="10.1.0.215/16"/> 
      <node type="allow" cidr="10.41.0.1/16"/> 
      <node type="allow" cidr="10.23.0.1/16"/> 
      <node type="allow" cidr="192.168.1.5/16"/> 
      <!--slanip4 <node type="allow" cidr="%slanip4%/16"/> slanip4-->
    </list>

    <!--
	This will traverse the directory adding all users 
	with the cidr= tag to this ACL, when this ACL matches
	the users variables and params apply as if they 
	digest authenticated.
    -->
    <list name="domains" default="deny">
      <!-- domain= is special it scans the domain from the directory to build the ACL -->
      <node type="allow" domain="$${domain}"/>
      <node type="allow" cidr="10.1.0.215/16"/> 
      <node type="allow" cidr="10.41.0.1/16"/> 
      <node type="allow" cidr="10.23.0.1/16"/> 
      <node type="allow" cidr="192.168.1.5/16"/> 
      <!--slanip4 <node type="allow" cidr="%slanip4%/16"/> slanip4-->
      <!-- use cidr= if you wish to allow ip ranges to this domains acl. -->
      <!-- <node type="allow" cidr="192.168.0.0/24"/> -->
    </list>

  </network-lists>
</configuration>

