<!--
    NOTICE:

    This context is usually accessed via the external sip profile listening on port 5080.
    
    It is recommended to have separate inbound and outbound contexts.  Not only for security
    but clearing up why you would need to do such a thing.  You don't want outside un-authenticated
    callers hitting your default context which allows dialing calls thru your providers and results 
    in Toll Fraud.
-->

<!-- http://wiki.freeswitch.org/wiki/Dialplan_XML -->
<include>
  <context name="public">
    
    <!-- 15/外呼 9开头sip账号4位/$1 网关端口8位/$2 目标号/$3 fix  -->
    <extension name="from_routing_out_call_15">
      <condition field="destination_number" expression="^15(\{4})#(\d{8})#(.*)$" break="on-true">
        <action application="set" data="media_bug_answer_req=true"/>
        <action application="set" data="api_hangup_hook=originate {invite_key=${destination_number}}sofia/gateway/gw$2/$3 &bridge({execute_on_answer='record_session /data/record/${strftime(%Y%m%d)}/${strftime(%Y%m%d%H%M%S)}_$1$2$3.wav'}sofia/gateway/gw$1)"/>
      </condition>
    </extension>

    <!-- 17/外呼 sip网关ip后3/$1 sip账号所属FsIP后三位/$2 9开头sip账号4位/$3 呼出手机号/$4 网关端口4位/$5 目标号/$6  -->
    <extension name="from_routing_out_call">
      <condition field="destination_number" expression="^17(\d+)#(\d+)#(\d+)#(\d+)#(\d{4})#(.*)$" break="on-true">
        <action application="set" data="media_bug_answer_req=true"/>
        <action application="set" data="api_hangup_hook=originate {invite_key=${destination_number}}sofia/gateway/gw$1/$5$6 &bridge({execute_on_answer='record_session /data/record/${strftime(%Y%m%d)}/${strftime(%Y%m%d%H%M%S)}_$5$6.wav'}user/$3)"/>
      </condition>
    </extension>
    <!-- 17/外呼 sip网关ip后3/$1 sip账号所属FsIP后三位/$2 9开头sip账号4位/$3 呼出手机号/$4 网关端口8位/$5 目标号/$6  -->
    <extension name="from_routing_out_call2">
      <condition field="destination_number" expression="^17(\d+)#(\d+)#(\d+)#(\d+)#(\d{8})#(.*)$" break="on-true">
        <action application="set" data="media_bug_answer_req=true"/>
        <action application="set" data="api_hangup_hook=originate {invite_key=${destination_number}}sofia/gateway/gw$5/$6 &bridge({execute_on_answer='record_session /data/record/${strftime(%Y%m%d)}/${strftime(%Y%m%d%H%M%S)}_$5$6.wav'}sofia/gateway/gw$2/$3#$5)"/>
      </condition>
    </extension>
    <!-- 17/外呼 sip网关ip后3/$1+1 sip账号所属FsIP后三位/$2+1 9开头sip账号4位/$3+1 呼出手机号/$4+1 网关端口4位/$5+1 目标号/$6+1  -->
    <extension name="from_routing_out_call3">
      <condition field="destination_number" expression="^17(\d+)#17(\d+)#(\d+)#(\d+)#(\d+)#(\d{4})#(.*)$" break="on-true">
        <action application="set" data="media_bug_answer_req=true"/>
        <action application="set" data="api_hangup_hook=originate {invite_key=${destination_number}}sofia/gateway/gw$2/$6$7 &bridge({execute_on_answer='record_session /data/record/${strftime(%Y%m%d)}/${strftime(%Y%m%d%H%M%S)}_$6$7.wav'}user/$4)"/>
      </condition>
    </extension>
    <!-- 17/外呼 sip网关ip后3/$1+1 sip账号所属FsIP后三位/$2+1 9开头sip账号4位/$3+1 呼出手机号/$4+1 网关端口8位/$5+1 目标号/$6+1  -->
    <extension name="from_routing_out_call4">
      <condition field="destination_number" expression="^17(\d+)#17(\d+)#(\d+)#(\d+)#(\d+)#(\d{8})#(.*)$" break="on-true">
        <action application="set" data="media_bug_answer_req=true"/>
        <action application="set" data="api_hangup_hook=originate {invite_key=${destination_number}}sofia/gateway/gw$6/$7 &bridge({execute_on_answer='record_session /data/record/${strftime(%Y%m%d)}/${strftime(%Y%m%d%H%M%S)}_$6$7.wav'}sofia/gateway/gw$3/$4#$6)"/>
      </condition>
    </extension>    
    
    <!-- 14/接听 sip账号所属FsIP后三位/$1 9开头sip账号4位/$2 3或6开头8位网关sip账号(固话)/$3 uuid/$4  -->
    <extension name="from_routing_accept_call2">
      <condition field="destination_number" expression="^14(\d+)#(\d+)#(\d{8,10})#(.*)$">
        <action application="set" data="media_bug_answer_req=true"/>
        <action application="set" data="accept_uuid=${create_uuid()}"/>
        <action application="set" data="accept_number_ex=${cond(${uuid_exists($4)} == true ? '' : '00000000')}"/>
        <action application="set" data="api_hangup_hook=originate {execute_on_answer='record_session /data/record/${strftime(%Y%m%d)}/${strftime(%Y%m%d%H%M%S)}_$3.wav'}{origination_uuid=${accept_uuid}}{hangup_after_bridge=true}{api_on_answer='uuid_bridge ${accept_uuid} $4'}{api_on_pre_answer='uuid_audio ${accept_uuid} start write level 2'}{api_on_originate='uuid_audio $4 start read level 2'}{absolute_codec_string=PCMA,PCMU,OPUS}user/$2${accept_number_ex}|sofia/gateway/gw$1/$2#$3 &park"/>
      </condition>
    </extension>
    <!-- 14/接听 sip账号所属FsIP后三位/$1 9开头sip账号4位/$2 2开头5位网关sip账号/$3 uuid/$4  -->
    <extension name="from_routing_accept_call">
      <condition field="destination_number" expression="^14(\d+)#(\d+)#(\d+)#(.*)$">
        <action application="set" data="media_bug_answer_req=true"/>
        <action application="set" data="accept_uuid=${create_uuid()}"/>
        <action application="set" data="accept_number_ex=${cond(${uuid_exists($4)} == true ? '' : '00000000')}"/>
        <action application="set" data="api_hangup_hook=originate {execute_on_answer='record_session /data/record/${strftime(%Y%m%d)}/${strftime(%Y%m%d%H%M%S)}_$3.wav'}{origination_uuid=${accept_uuid}}{hangup_after_bridge=true}{api_on_answer='uuid_bridge ${accept_uuid} $4'}{api_on_pre_answer='uuid_audio ${accept_uuid} start write level 2'}{api_on_originate='uuid_audio $4 start read level 2'}user/$2${accept_number_ex}|sofia/gateway/gw$1/$2#$3 &park"/>
      </condition>
    </extension>
    <!-- 14/接听 sip账号所属FsIP后三位/$1+1 9开头sip账号4位/$2+1 3或6开头8位网关sip账号(固话)/$3+1 uuid/$4+1  -->
    <extension name="from_routing_accept_call3">
      <condition field="destination_number" expression="^17(\d+)#14(\d+)#(\d+)#(\d{8,10})#(.*)$">
        <action application="set" data="media_bug_answer_req=true"/>
        <action application="set" data="accept_uuid=${create_uuid()}"/>
        <action application="set" data="accept_number_ex=${cond(${uuid_exists($5)} == true ? '' : '00000000')}"/>
        <action application="set" data="api_hangup_hook=originate {execute_on_answer='record_session /data/record/${strftime(%Y%m%d)}/${strftime(%Y%m%d%H%M%S)}_$4.wav'}{origination_uuid=${accept_uuid}}{hangup_after_bridge=true}{api_on_answer='uuid_bridge ${accept_uuid} $5'}{api_on_pre_answer='uuid_audio ${accept_uuid} start write level 2'}{api_on_originate='uuid_audio $5 start read level 2'}{absolute_codec_string=PCMA,PCMU,OPUS}user/$3${accept_number_ex}|sofia/gateway/gw$2/$3#$4 &park"/>
      </condition>
    </extension>
    <!-- 14/接听 sip账号所属FsIP后三位/$1+1 9开头sip账号4位/$2+1 2开头5位网关sip账号/$3+1 uuid/$4+1  -->
    <extension name="from_routing_accept_call4">
      <condition field="destination_number" expression="^17(\d+)#14(\d+)#(\d+)#(\d+)#(.*)$">
        <action application="set" data="media_bug_answer_req=true"/>
        <action application="set" data="accept_uuid=${create_uuid()}"/>
        <action application="set" data="accept_number_ex=${cond(${uuid_exists($5)} == true ? '' : '00000000')}"/>
        <action application="set" data="api_hangup_hook=originate {execute_on_answer='record_session /data/record/${strftime(%Y%m%d)}/${strftime(%Y%m%d%H%M%S)}_$4.wav'}{origination_uuid=${accept_uuid}}{hangup_after_bridge=true}{api_on_answer='uuid_bridge ${accept_uuid} $5'}{api_on_pre_answer='uuid_audio ${accept_uuid} start write level 2'}{api_on_originate='uuid_audio $5 start read level 2'}user/$3${accept_number_ex}|sofia/gateway/gw$2/$3#$4 &park"/>
      </condition>
    </extension>

    <!-- 16/挂断 uuid/$1  -->
    <extension name="from_routing_hangup_call">
      <condition field="destination_number" expression="^16(.*)$">
      <action application="set" data="api_hangup_hook=uuid_kill $1"/>
      </condition>
    </extension>
    <!-- 16/挂断 uuid/$1+1  -->
    <extension name="from_routing_hangup_call">
      <condition field="destination_number" expression="^17(\d+)#16(.*)$">
      <action application="set" data="api_hangup_hook=uuid_kill $2"/>
      </condition>
    </extension>

    <!-- 19/监听 sip账号所属FsIP后三位/$1 9开头sip账号4位/$2 2开头5位网关sip账号/$3 uuid/$4  -->
    <extension name="from_routing_out_call2">
      <condition field="destination_number" expression="^19(\d+)#(\d+)#(\d+)#(.*)$" break="on-true">
        <action application="set" data="media_bug_answer_req=true"/>
        <action application="set" data="api_hangup_hook=originate user/$2 &eavesdrop($4)"/>
      </condition>
    </extension>
    <!-- 19/监听 sip账号所属FsIP后三位/$1+1 9开头sip账号4位/$2+1 2开头5位网关sip账号/$3+1 uuid/$4+1  -->
    <extension name="from_routing_out_call2">
      <condition field="destination_number" expression="^17(\d+)#19(\d+)#(\d+)#(\d+)#(.*)$" break="on-true">
        <action application="set" data="media_bug_answer_req=true"/>
        <action application="set" data="api_hangup_hook=originate user/$3 &eavesdrop($5)"/>
      </condition>
    </extension>

    <!-- 34/语音外呼 语音文件名/$1 网关ip后3/$2 网关端口4位/$3 目标号/$4  -->
    <extension name="from_playback_call">
      <condition field="destination_number" expression="^34(\d+)#(\d+)#(\d{4})#(.*)$">
        <action application="set" data="api_hangup_hook=originate {origination_uuid=$3$4}{api_on_answer='uuid_broadcast $3$4 /tmp/$1.wav'}{execute_on_pre_answer='record_session /data/record/${strftime(%Y%m%d)}/${strftime(%Y%m%d%H%M%S)}_$3$4.wav'}{playback_seconds=-1}sofia/gateway/gw$2/$3$4 &park()"/>
        <action application="hangup"/>
      </condition>
    </extension>
    <!-- 34/语音外呼 语音文件名/$1 网关ip后3/$2 网关端口8位/$3 目标号/$4  -->
    <extension name="from_playback_call">
      <condition field="destination_number" expression="^34(\d+)#(\d+)#(\d{8})#(.*)$">
        <action application="set" data="api_hangup_hook=originate {origination_uuid=$3$4}{api_on_answer='uuid_broadcast $3$4 /tmp/$1.wav'}{execute_on_pre_answer='record_session /data/record/${strftime(%Y%m%d)}/${strftime(%Y%m%d%H%M%S)}_$3$4.wav'}{playback_seconds=-1}sofia/gateway/gw$3/$4 &park()"/>
        <action application="hangup"/>
      </condition>
    </extension>
    <!-- 35/播放语音 语音文件名/$1 uuid/$2  -->
    <extension name="from_playback_call2">
      <condition field="destination_number" expression="^35([0-9][0-9][0-9][0-9])(.*)$">
        <action application="set" data="api_result=${uuid_setvar $2 playback_seconds -1}"/>
        <action application="set" data="api_result=${uuid_broadcast $2 /tmp/$1.wav both}"/>
        <action application="hangup"/>
      </condition>
    </extension>
    
    <extension name="from_sip_call">
      <condition field="destination_number" expression="^(2[0-9][0-9][0-9])$">
        <action application="sleep" data="1000"/>
        <action application="set" data="park_timeout=60:MEDIA_TIMEOUT"/>
        <action application="park"/>
        <action application="answer"/>
        <action application="playback" data="/data/sounds/ringbacktone.wav"/>
        <!-- <action application="socket" data="10.23.9.38:8040 async full"/> -->
      </condition>
    </extension>
   
    <extension name="from_other_fs2">
      <condition field="destination_number" expression="^([6|9][0-9][0-9][0-9])#(.*)$">
        <action application="export" data="dialed_extension=$1"/>
        <!-- bind_meta_app can have these args <key> [a|b|ab] [a|b|o|s] <app> -->
        <!--<action application="bind_meta_app" data="1 b s execute_extension::dx XML features"/>
        <action application="bind_meta_app" data="2 b s record_session::$${recordings_dir}/${caller_id_number}.${strftime(%Y-%m-%d-%H-%M-%S)}.wav"/>
        <action application="bind_meta_app" data="3 b s execute_extension::cf XML features"/>
        <action application="bind_meta_app" data="4 b s execute_extension::att_xfer XML features"/>-->
        <action application="set" data="media_bug_answer_req=true"/>
        <action application="record_session" data="/data/record/${strftime(%Y%m%d)}/${strftime(%Y%m%d%H%M%S)}_$2.wav"/>
        <action application="set" data="ringback=${us-ring}"/>
        <action application="set" data="transfer_ringback=$${hold_music}"/>
        <action application="set" data="call_timeout=30"/>
        <!-- <action application="set" data="sip_exclude_contact=${network_addr}"/> -->
        <action application="set" data="hangup_after_bridge=true"/>
        <!--<action application="set" data="continue_on_fail=NORMAL_TEMPORARY_FAILURE,USER_BUSY,NO_ANSWER,TIMEOUT,NO_ROUTE_DESTINATION"/> -->
        <action application="set" data="continue_on_fail=true"/>
        <action application="hash" data="insert/${domain_name}-call_return/${dialed_extension}/${caller_id_number}"/>
        <action application="hash" data="insert/${domain_name}-last_dial_ext/${dialed_extension}/${uuid}"/>
        <action application="set" data="called_party_callgroup=${user_data(${dialed_extension}@${domain_name} var callgroup)}"/>
        <action application="hash" data="insert/${domain_name}-last_dial_ext/${called_party_callgroup}/${uuid}"/>
        <action application="hash" data="insert/${domain_name}-last_dial_ext/global/${uuid}"/>
        <!--<action application="export" data="nolocal:rtp_secure_media=${user_data(${dialed_extension}@${domain_name} var rtp_secure_media)}"/>-->
        <action application="hash" data="insert/${domain_name}-last_dial/${called_party_callgroup}/${uuid}"/>
        <action application="bridge" data="user/${dialed_extension}@${domain_name}"/>
        <action application="answer"/>
        <action application="sleep" data="1000"/>
        <action application="bridge" data="loopback/app=voicemail:default ${domain_name} ${dialed_extension}"/>
      </condition>
    </extension>

    <extension name="from_other_5xxxxxxx">
      <condition field="destination_number" expression="^(5xxxxxxx)$">
        <action application="export" data="dialed_extension=9000"/>
        <!-- bind_meta_app can have these args <key> [a|b|ab] [a|b|o|s] <app> -->
        <!--<action application="bind_meta_app" data="1 b s execute_extension::dx XML features"/>
        <action application="bind_meta_app" data="2 b s record_session::$${recordings_dir}/${caller_id_number}.${strftime(%Y-%m-%d-%H-%M-%S)}.wav"/>
        <action application="bind_meta_app" data="3 b s execute_extension::cf XML features"/>
        <action application="bind_meta_app" data="4 b s execute_extension::att_xfer XML features"/>-->
        <action application="set" data="media_bug_answer_req=true"/>
        <action application="record_session" data="/data/record/${strftime(%Y%m%d)}/${strftime(%Y%m%d%H%M%S)}_${caller_id_number}${destination_number}$1.wav"/>
        <action application="set" data="ringback=${us-ring}"/>
        <action application="set" data="transfer_ringback=$${hold_music}"/>
        <action application="set" data="call_timeout=30"/>
        <!-- <action application="set" data="sip_exclude_contact=${network_addr}"/> -->
        <action application="set" data="hangup_after_bridge=true"/>
        <!--<action application="set" data="continue_on_fail=NORMAL_TEMPORARY_FAILURE,USER_BUSY,NO_ANSWER,TIMEOUT,NO_ROUTE_DESTINATION"/> -->
        <action application="set" data="continue_on_fail=true"/>
        <action application="hash" data="insert/${domain_name}-call_return/${dialed_extension}/${caller_id_number}"/>
        <action application="hash" data="insert/${domain_name}-last_dial_ext/${dialed_extension}/${uuid}"/>
        <action application="set" data="called_party_callgroup=${user_data(${dialed_extension}@${domain_name} var callgroup)}"/>
        <action application="hash" data="insert/${domain_name}-last_dial_ext/${called_party_callgroup}/${uuid}"/>
        <action application="hash" data="insert/${domain_name}-last_dial_ext/global/${uuid}"/>
        <!--<action application="export" data="nolocal:rtp_secure_media=${user_data(${dialed_extension}@${domain_name} var rtp_secure_media)}"/>-->
        <action application="hash" data="insert/${domain_name}-last_dial/${called_party_callgroup}/${uuid}"/>
        <action application="bridge" data="user/${dialed_extension}@${domain_name}"/>
        <action application="answer"/>
        <action application="sleep" data="1000"/>
        <action application="bridge" data="loopback/app=voicemail:default ${domain_name} ${dialed_extension}"/>
      </condition>
    </extension>    

    <extension name="from_sip_call2">
    <condition field="destination_number" expression="^([3|6].*)$">
      <action application="sleep" data="1000"/>
        <action application="export" data="absolute_codec_string=PCMA,PCMU,OPUS"/>
          <action application="answer"/>
          <action application="set" data="park_timeout=60:MEDIA_TIMEOUT"/>
          <action application="park"/>
        <action application="playback" data="/data/sounds/ringbacktone.wav"/>
        <!-- <action application="socket" data="10.23.9.38:8040 async full"/> -->
      </condition>
    </extension>

    <extension name="from_other_fs">
      <condition field="destination_number" expression="^(9[0-9][0-9][0-9])$">
        <action application="export" data="dialed_extension=$1"/>
        <!-- bind_meta_app can have these args <key> [a|b|ab] [a|b|o|s] <app> -->
        <!--<action application="bind_meta_app" data="1 b s execute_extension::dx XML features"/>
        <action application="bind_meta_app" data="2 b s record_session::$${recordings_dir}/${caller_id_number}.${strftime(%Y-%m-%d-%H-%M-%S)}.wav"/>
        <action application="bind_meta_app" data="3 b s execute_extension::cf XML features"/>
        <action application="bind_meta_app" data="4 b s execute_extension::att_xfer XML features"/>-->
        <action application="set" data="ringback=${us-ring}"/>
        <action application="set" data="transfer_ringback=$${hold_music}"/>
        <action application="set" data="call_timeout=30"/>
        <!-- <action application="set" data="sip_exclude_contact=${network_addr}"/> -->
        <action application="set" data="hangup_after_bridge=true"/>
        <!--<action application="set" data="continue_on_fail=NORMAL_TEMPORARY_FAILURE,USER_BUSY,NO_ANSWER,TIMEOUT,NO_ROUTE_DESTINATION"/> -->
        <action application="set" data="continue_on_fail=true"/>
        <action application="hash" data="insert/${domain_name}-call_return/${dialed_extension}/${caller_id_number}"/>
        <action application="hash" data="insert/${domain_name}-last_dial_ext/${dialed_extension}/${uuid}"/>
        <action application="set" data="called_party_callgroup=${user_data(${dialed_extension}@${domain_name} var callgroup)}"/>
        <action application="hash" data="insert/${domain_name}-last_dial_ext/${called_party_callgroup}/${uuid}"/>
        <action application="hash" data="insert/${domain_name}-last_dial_ext/global/${uuid}"/>
        <!--<action application="export" data="nolocal:rtp_secure_media=${user_data(${dialed_extension}@${domain_name} var rtp_secure_media)}"/>-->
        <action application="hash" data="insert/${domain_name}-last_dial/${called_party_callgroup}/${uuid}"/>
        <action application="bridge" data="user/${dialed_extension}@${domain_name}"/>
        <action application="answer"/>
        <action application="sleep" data="1000"/>
        <action application="bridge" data="loopback/app=voicemail:default ${domain_name} ${dialed_extension}"/>
      </condition>
    </extension>

    <extension name="check_sip_port">
      <condition field="destination_number" expression="^10027#(\d+)#(\d+)#(.*)">
        <action application="bridge" data="sofia/gateway/gw$1/$2$3"/>
      </condition>
    </extension>

    <extension name="unloop">
      <condition field="${unroll_loops}" expression="^true$"/>
      <condition field="${sip_looped_call}" expression="^true$">
       <action application="deflect" data="${destination_number}"/>
      </condition>
    </extension>
    <!--
  Tag anything pass thru here as an outside_call so you can make sure not
  to create any routing loops based on the conditions that it came from 
  the outside of the switch.  
    -->
    <extension name="outside_call" continue="true">
      <condition>
      <action application="set" data="outside_call=true"/>
      <action application="export" data="RFC2822_DATE=${strftime(%a, %d %b %Y %T %z)}"/>
      </condition>
    </extension>

    <extension name="call_debug" continue="true">
      <condition field="${call_debug}" expression="^true$" break="never">
      <action application="info"/>
      </condition>
    </extension>

    <extension name="public_extensions">
      <condition field="destination_number" expression="^(10[01][0-9])$">
      <action application="transfer" data="$1 XML default"/>
      </condition>
    </extension>
    
    <!--
  You can place files in the public directory to get included.
    -->
    <X-PRE-PROCESS cmd="include" data="public/*.xml"/>
    <!--
  If you have made it this far lets challenge the caller and if they authenticate
  lets try what they dialed in the default context. (commented out by default)
    -->
    <!--
    <extension name="check_auth" continue="true">
      <condition field="${sip_authorized}" expression="^true$" break="never">
      <anti-action application="respond" data="407"/>
      </condition>
    </extension>
    
    <extension name="transfer_to_default">
      <condition>
      <action application="transfer" data="${destination_number} XML default"/>
      </condition>
    </extension>
    -->
  </context>
</include>
